,ACCURACY,std ACCURACY,f1_score,std f1_score,precision,std precision,recall,std recall
0,0.8200000000000001,0.06271629240742262,0.8276875641537111,0.06091068851040946,0.8286918636918637,0.0616690671995444,0.8267753542753542,0.06077968807814381
