,MSE,std MSE,RMSE,std RMSE,R2,std R2
0,0.9798106196227957,0.3907248610499023,0.9687865420201772,0.20313359058359265,0.17861194036176709,0.07348503221982068
