,MSE,std MSE,RMSE,std RMSE,R2,std R2
0,0.8503789164967841,0.23119388388079384,0.9135526160988965,0.12570017547977627,0.1426017554483936,0.09837916093331953
