,MSE,std MSE,RMSE,std RMSE,alphas
0,0.8235612205658738,0.2640318088032426,0.8958147944800265,0.14517945638616309,0.14999999999999997
