,MSE,std MSE,RMSE,std RMSE,alphas
0,1.071102713124288,0.24239190065470198,1.0279628697692558,0.11997937947849428,0.14999999999999997
