,MSE,std MSE,RMSE,std RMSE,R2,std R2,alphas
0,0.7581073728375658,0.23479192163092155,0.8610328764711479,0.1293435675763839,0.3067694241670053,0.11209721473275336,0.015000000000000003
