,ACCURACY,std ACCURACY,f1_score,std f1_score,precision,std precision,recall,std recall,alphas
0,0.9799999999999999,0.02867441755680875,0.9799999999999999,0.02867441755680875,0.9799999999999999,0.02867441755680875,0.9799999999999999,0.02867441755680875,0.03647368421052632
