,ACCURACY,std ACCURACY,f1_score,std f1_score,precision,std precision,recall,std recall,alphas
0,0.6493150684931507,0.04186495010941404,0.6493150684931507,0.041864950109414045,0.6493150684931507,0.04186495010941404,0.6493150684931507,0.04186495010941404,0.057842105263157896
