,ACCURACY,std ACCURACY,f1_score,std f1_score,precision,std precision,recall,std recall,alphas
0,0.7338709677419355,0.11122017424554395,0.7338709677419355,0.11122017424554395,0.7338709677419355,0.11122017424554395,0.7338709677419355,0.11122017424554395,0.05926315789473683
