,ACCURACY,std ACCURACY,f1_score,std f1_score,precision,std precision,recall,std recall,alphas
0,0.7580645161290323,0.0,0.7444220955309291,0.0,0.8372265480163144,0.0,0.670138888888889,0.0,0.08578947368421053
