,MSE,std MSE,RMSE,std RMSE,alphas
0,8.629319051453194,2.7008391229913036,2.8925316461175594,0.5124253386217692,0.14999999999999997
