,MSE,std MSE,RMSE,std RMSE,alphas
0,52.367905114140186,42.795959123051425,6.6904258388562585,2.757917186737978,0.14999999999999997
