,MSE,std MSE,RMSE,std RMSE,alphas
0,220.7329857719106,28.220247897884175,14.82577476004629,0.9640479948036529,0.14999999999999997
