,MSE,std MSE,RMSE,std RMSE,alphas
0,1.3548899324959798,0.5215630252780207,1.141348051339695,0.22850505070799038,0.15
