,MSE,std MSE,RMSE,std RMSE,alphas
0,0.0389836953486077,0.007855819925860373,0.19644688296010995,0.019807006938570265,0.07450000000000001
