,MSE,std MSE,RMSE,std RMSE,alphas
0,0.043056472829826234,0.0,0.20750053693864562,0.0,0.015
