,MSE,std MSE,RMSE,std RMSE,alphas
0,0.024863459063793034,0.00608245581974005,0.15658792977662356,0.018538589807864086,0.08635526315789474
