,MSE,std MSE,RMSE,std RMSE,alphas
0,9.629035232439946e-10,0.0,3.1030686799424765e-05,0.0,0.1
