,MSE,std MSE,RMSE,std RMSE,alphas
0,8.230821379701758e-07,0.0,0.0009072387436447893,0.0,0.1
