,MSE,std MSE,RMSE,std RMSE,R2,std R2
0,4.627198788120437,0.529744193050252,2.1476472804781994,0.12169612473300621,0.5507860211878965,0.034541345567709485
