,MSE,std MSE,RMSE,std RMSE,R2,std R2,alphas
0,5.823284608203304,0.45466216532293074,2.411293689610914,0.09459043633416767,0.4353968156179671,0.03021108995098813,1.5
