,ACCURACY,std ACCURACY,f1_score,std f1_score,precision,std precision,recall,std recall,alphas
0,0.832258064516129,0.03963937331433713,0.8028418281488066,0.04744189902268987,0.8118783935263932,0.04546697926802822,0.7948008909605984,0.055084530959467026,0.5
