,ACCURACY,std ACCURACY,f1_score,std f1_score,precision,std precision,recall,std recall,best_cf,alphas
0,0.9824999999999999,0.07628073151196178,0.9866412213740456,0.058229566039665476,0.9887096774193548,0.04921337516900762,0.9847826086956522,0.06633107087996677,"[[23  0]
 [ 0 17]]",0.14999999999999997
