,ACCURACY,std ACCURACY,f1_score,std f1_score,precision,std precision,recall,std recall,alphas
0,0.7903225806451613,0.0,0.4347826086956522,0.0,1.0,0.0,0.2777777777777778,0.0,0.08105263157894736
