,ACCURACY,std ACCURACY,f1_score,std f1_score,precision,std precision,recall,std recall,alphas
0,0.807258064516129,0.07002210889148386,0.807258064516129,0.07002210889148386,0.807258064516129,0.07002210889148386,0.807258064516129,0.07002210889148386,0.04268421052631579
