,ACCURACY,std ACCURACY,f1_score,std f1_score,precision,std precision,recall,std recall,alphas
0,0.9628571428571429,0.012289036095775174,0.9591725621232294,0.013328911393613769,0.9558738667636739,0.012358982360327245,0.962577645126772,0.01681299745061138,0.14999999999999997
