,MSE,std MSE,RMSE,std RMSE,alphas
0,0.3533208189333661,0.0,0.5944079566538171,0.0,0.05
