,MSE,std MSE,RMSE,std RMSE,R2,std R2,alphas
0,4.4851656612870086,0.3033778593447855,2.1166177889980875,0.07137784378823792,0.5648466346989026,0.020481541795970493,0.010000000000000002
