,MSE,std MSE,RMSE,std RMSE,alphas
0,4.558310146601704,0.41800095427564615,2.1327883126149616,0.09759180382966923,0.14999999999999997
