,MSE,std MSE,RMSE,std RMSE,alphas
0,2.4425049403350427,1.521619638466517,1.5047227709497544,0.4222728062761508,0.05000000000000001
