,MSE,std MSE,RMSE,std RMSE,alphas
0,1.6015737712543996,0.0,1.2655329988800765,0.0,0.15
