,MSE,std MSE,RMSE,std RMSE,R2,std R2,alphas
0,2.4750752784263215,0.9711640258793078,1.5482627572302836,0.2792090847375865,0.5414341977790003,0.19909442976503341,0.14999999999999997
