,ACCURACY,std ACCURACY,f1_score,std f1_score,precision,std precision,recall,std recall,alphas
0,0.6833333333333332,0.06790516262487788,0.6962752546628951,0.08170080570470839,0.7112594918430157,0.12345866830286047,0.6898398823398824,0.05032463666343027,0.05026315789473686
