,ACCURACY,std ACCURACY,f1_score,std f1_score,precision,std precision,recall,std recall,alphas
0,0.6949999999999998,0.07836878630339167,0.6949999999999998,0.07836878630339167,0.6949999999999998,0.07836878630339167,0.6949999999999998,0.07836878630339167,0.05855263157894737
