,ACCURACY,std ACCURACY,f1_score,std f1_score,precision,std precision,recall,std recall
0,0.975,0.02327373340628156,0.9764388820510884,0.022367405657435297,0.9747148222148221,0.024684483439265895,0.9782161357161356,0.02082849344927913
