,versus,ACCURACY,std ACCURACY,AUC,std AUC,f1_score,std f1_score,precision,std precision,recall,std recall,alphas
0,S_vs_OT,0.9666666666666667,0.0,0.975,0.0,0.9646643109540636,0.0,0.9545454545454546,0.0,0.975,0.0,0.013947368421052632
1,Vc_vs_OT,0.7333333333333333,0.0,0.6249999999999999,0.0,0.6778169014084507,0.0,0.7403846153846154,0.0,0.625,0.0,0.014473684210526316
2,Vg_vs_OT,0.8333333333333334,0.0,0.8257918552036198,0.0,0.8295454545454546,0.0,0.8333333333333334,0.0,0.8257918552036199,0.0,0.011578947368421053
