,ACCURACY,std ACCURACY,f1_score,std f1_score,precision,std precision,recall,std recall,alphas
0,0.9314285714285713,0.06516854130261168,0.9314285714285713,0.06516854130261168,0.9314285714285713,0.06516854130261168,0.9314285714285713,0.06516854130261168,0.050973684210526324
