,MSE,std MSE,RMSE,std RMSE,R2,std R2
0,206.35165809349132,2.137418696540139,14.364752868257971,0.07438499422366247,0.7489771705096435,0.0028205753146717315
