,MSE,std MSE,RMSE,std RMSE,R2,std R2
0,50.503106313450765,0.47578400833427403,7.10647474918311,0.033510486024894925,0.8736520188340894,0.0010574447057570043
