,MSE,std MSE,RMSE,std RMSE,R2,std R2
0,138.73196895451355,1.1270966232564164,11.778356320081972,0.04786806554074395,0.6157176384647269,0.004163057704650685
