,MSE,std MSE,RMSE,std RMSE,R2,std R2
0,112.00636358169406,1.610038626095577,10.58303055383223,0.0763405419651645,0.7870862730718422,0.003099125379634631
