,MSE,std MSE,RMSE,std RMSE,R2,std R2
0,1.481838290199779,0.10755701450924224,1.2165006122956785,0.04432324992617144,0.71848216689396,0.025760053669831307
