,MSE,std MSE,RMSE,std RMSE,R2,std R2
0,1.6758678009095873,0.10319057275187409,1.2939371753394817,0.03992977816204005,0.6848392918273201,0.049431440670940865
