,ACCURACY,std ACCURACY,f1_score,std f1_score,precision,std precision,recall,std recall,best_cf,alphas
0,0.9833333333333334,0.026874192494328493,0.9818352944155899,0.029210794943154365,0.9834812872312872,0.027670264311631648,0.9802314814814814,0.031175356670159533,"[[13  0  0]
 [ 0 11  0]
 [ 0  0  6]]",0.038934210526315786
